{
  "avg_legality": 1.0,
  "avg_coverage": 0.040045103970915076,
  "avg_spill": 0.006750000044703484,
  "avg_ground_open": 0.14,
  "avg_thickness": 0.01346805453300476,
  "avg_facade": 0.43876668691635135,
  "avg_loadpath": 0.9985355508327484,
  "avg_access_reach": 0.62,
  "avg_fill_ratio": 0.0008454938184149796,
  "n_samples": 50
}