{
  "avg_legality": 1.0,
  "avg_coverage": 0.04086083740927279,
  "avg_spill": 0.008727817423641681,
  "avg_ground_open": 0.0,
  "avg_thickness": 0.015538618564605713,
  "avg_facade": 0.47281954288482664,
  "avg_loadpath": 0.9985855996608735,
  "avg_access_reach": 0.0,
  "avg_fill_ratio": 0.0009714417916256935,
  "n_samples": 50
}